datum_eerste_toelating,benzine_count,elektriciteit_count,diesel_count,waterstof_count,alcohol_count,lpg_count,cng_count,lng_count
1877-06,0,1,0,0,0,0,0,0
1889-06,0,1,2,0,0,0,0,0
1894-06,1,1,3,0,0,0,0,0
1895-06,2,1,3,0,0,0,0,0
1897-02,3,1,3,0,0,0,0,0
1897-12,4,1,3,0,0,0,0,0
1898-06,6,1,3,1,0,0,0,0
1899-06,12,1,3,1,0,0,0,0
1900-02,13,1,3,1,0,0,0,0
1900-06,18,1,3,1,0,0,0,0
1901-02,19,1,3,1,0,0,0,0
1901-06,23,1,4,1,0,0,0,0
1902-02,24,2,4,1,0,0,0,0
1902-06,32,2,4,1,0,0,0,0
1903-06,45,2,4,1,0,0,0,0
1904-01,47,2,4,1,0,0,0,0
1904-02,48,2,4,1,0,0,0,0
1904-06,65,3,4,1,0,0,0,0
1904-08,66,3,4,1,0,0,0,0
1904-12,67,3,4,1,0,0,0,0
1905-06,71,3,4,1,0,0,0,0
1906-02,76,3,4,1,0,0,0,0
1906-06,83,3,4,2,0,0,0,0
1907-02,86,3,4,2,0,0,0,0
1907-06,93,4,5,2,0,0,0,0
1907-07,96,4,5,2,0,0,0,0
1907-08,97,4,5,2,0,0,0,0
1908-01,98,4,5,2,0,0,0,0
1908-02,99,4,5,2,0,0,0,0
1908-06,106,5,5,2,0,0,0,0
1908-09,107,5,5,2,0,0,0,0
1909-02,111,5,5,2,0,0,0,0
1909-04,112,5,5,2,0,0,0,0
1909-06,124,5,5,2,0,0,0,0
1909-07,125,5,5,2,0,0,0,0
1909-09,126,5,5,2,0,0,0,0
1910-01,127,5,5,2,0,0,0,0
1910-02,134,5,5,2,0,0,0,0
1910-04,135,5,5,2,0,0,0,0
1910-06,149,5,5,3,0,0,0,0
1910-07,150,5,5,3,0,0,0,0
1910-09,153,5,5,3,0,0,0,0
1910-10,154,5,5,3,0,0,0,0
1910-12,155,5,5,3,0,0,0,0
1911-01,156,5,5,3,0,0,0,0
1911-02,166,5,5,3,0,0,0,0
1911-06,190,5,5,3,0,0,0,0
1911-09,191,5,5,3,0,0,0,0
1911-12,192,5,5,3,0,0,0,0
1912-01,193,5,5,3,0,0,0,0
1912-02,205,5,5,3,0,0,0,0
1912-05,206,5,5,3,0,0,0,0
1912-06,237,5,5,3,0,0,0,0
1912-09,239,5,5,3,0,0,0,0
1913-01,241,5,5,3,0,0,0,0
1913-02,252,5,5,3,0,0,0,0
1913-06,302,5,7,4,0,0,0,0
1913-07,303,5,7,4,0,0,0,0
1914-02,326,5,7,4,0,0,0,0
1914-03,327,5,7,4,0,0,0,0
1914-05,328,5,7,4,0,0,0,0
1914-06,380,5,7,4,0,0,0,0
1914-07,382,5,7,4,0,0,0,0
1914-09,385,5,7,4,0,0,0,0
1914-11,386,5,7,4,0,0,0,0
1914-12,389,5,7,4,0,0,0,0
1915-01,390,5,7,4,0,0,0,0
1915-02,403,5,7,4,0,0,0,0
1915-03,404,5,7,4,0,0,0,0
1915-05,405,5,7,4,0,0,0,0
1915-06,427,6,8,4,0,0,0,0
1915-10,428,6,8,4,0,0,0,0
1915-11,429,6,8,4,0,0,0,0
1916-01,431,6,8,4,0,0,0,0
1916-02,435,6,8,4,0,0,0,0
1916-06,451,6,11,4,1,0,0,0
1917-02,454,6,11,4,1,0,0,0
1917-06,488,6,11,4,1,0,0,0
1917-07,491,6,11,4,1,0,0,0
1918-01,492,6,11,4,1,0,0,0
1918-02,497,6,11,4,1,0,0,0
1918-06,515,8,11,4,3,0,0,0
1918-09,516,8,11,4,3,0,0,0
1918-12,517,8,11,4,3,0,0,0
1919-01,519,8,11,4,3,0,0,0
1919-02,527,8,11,4,3,0,0,0
1919-06,577,8,11,4,3,0,0,0
1919-07,578,8,11,4,3,0,0,0
1919-08,579,8,11,4,3,0,0,0
1919-09,581,8,11,4,3,0,0,0
1919-10,582,8,11,4,3,0,0,0
1920-01,583,8,11,4,3,0,0,0
1920-02,595,8,11,4,3,0,0,0
1920-06,657,8,13,4,3,0,0,0
1920-07,658,8,13,4,3,0,0,0
1920-08,659,8,13,4,3,0,0,0
1920-10,660,8,13,4,3,0,0,0
1920-12,661,8,13,4,3,0,0,0
1921-01,672,8,13,4,3,0,0,0
1921-02,687,8,13,4,3,0,0,0
1921-03,688,8,13,4,3,0,0,0
1921-04,690,8,13,4,3,0,0,0
1921-06,737,8,19,5,3,0,0,0
1921-07,739,8,19,5,3,0,0,0
1921-08,740,8,19,5,3,0,0,0
1921-09,741,8,19,5,3,0,0,0
1921-10,742,8,19,5,3,0,0,0
1922-01,743,8,19,5,3,0,0,0
1922-02,763,8,19,5,3,0,0,0
1922-03,765,8,19,5,3,0,0,0
1922-06,823,8,20,5,3,0,0,0
1922-07,825,8,20,5,3,0,0,0
1922-08,827,8,20,5,3,0,0,0
1922-09,831,8,20,5,3,0,0,0
1922-10,833,8,20,5,3,0,0,0
1922-11,835,8,20,5,3,0,0,0
1923-01,838,8,20,5,3,0,0,0
1923-02,854,8,20,5,3,0,0,0
1923-03,859,8,20,5,3,0,0,0
1923-05,863,8,20,5,3,0,0,0
1923-06,939,9,23,5,3,1,0,0
1923-07,943,9,23,5,3,1,0,0
1923-09,947,9,23,5,3,1,0,0
1923-10,949,9,23,5,3,1,0,0
1923-11,951,9,23,5,3,1,0,0
1923-12,953,9,23,5,3,1,0,0
1924-01,959,9,23,5,3,1,0,0
1924-02,977,9,23,5,3,1,0,0
1924-03,978,9,23,5,3,1,0,0
1924-04,979,9,23,5,3,1,0,0
1924-05,982,9,23,5,3,1,0,0
1924-06,1104,9,25,8,4,1,0,0
1924-07,1107,9,25,8,4,1,0,0
1924-09,1112,9,25,8,4,1,0,0
1924-10,1113,9,25,8,4,1,0,0
1924-12,1114,9,25,8,4,1,0,0
1925-01,1121,9,25,8,4,1,0,0
1925-02,1143,9,25,8,4,1,0,0
1925-03,1144,9,25,8,4,1,0,0
1925-04,1146,9,25,8,4,1,0,0
1925-05,1148,9,25,8,4,1,0,0
1925-06,1276,9,30,10,4,1,0,0
1925-07,1283,9,30,10,4,1,0,0
1925-09,1287,9,30,10,4,1,0,0
1925-10,1288,9,30,10,4,1,0,0
1925-12,1289,9,30,10,4,1,0,0
1926-01,1297,9,30,10,4,1,0,0
1926-02,1329,9,30,10,4,1,0,0
1926-03,1331,9,30,10,4,1,0,0
1926-05,1332,9,30,10,4,1,0,0
1926-06,1507,9,34,10,4,1,0,0
1926-07,1513,9,34,10,4,1,0,0
1926-09,1518,9,34,10,4,1,0,0
1926-10,1521,9,34,10,4,1,0,0
1926-11,1523,9,34,10,4,1,0,0
1926-12,1525,9,34,10,4,1,0,0
1927-01,1531,9,34,10,4,1,0,0
1927-02,1563,9,34,10,4,1,0,0
1927-03,1565,9,34,10,4,1,0,0
1927-04,1569,9,34,10,4,1,0,0
1927-05,1574,9,34,10,4,1,0,0
1927-06,1803,9,39,10,4,1,0,0
1927-07,1812,9,39,10,4,1,0,0
1927-08,1815,9,39,10,4,1,0,0
1927-09,1822,9,39,10,4,1,0,0
1927-10,1823,9,39,10,4,1,0,0
1927-11,1825,9,39,10,4,1,0,0
1927-12,1828,9,39,10,4,1,0,0
1928-01,1838,9,39,10,4,1,0,0
1928-02,1919,9,39,10,4,1,0,0
1928-03,1922,9,39,10,4,1,0,0
1928-04,1928,9,39,10,4,1,0,0
1928-05,1930,9,39,10,4,1,0,0
1928-06,2337,9,52,13,4,3,0,0
1928-07,2350,9,52,13,4,3,0,0
1928-08,2351,9,52,13,4,3,0,0
1928-09,2358,9,52,13,4,3,0,0
1928-10,2360,9,52,13,4,3,0,0
1928-11,2364,9,52,13,4,3,0,0
1928-12,2371,9,52,13,4,3,0,0
1929-01,2384,9,52,13,4,3,0,0
1929-02,2496,9,52,14,4,4,0,0
1929-03,2507,9,52,14,4,4,0,0
1929-04,2514,9,52,14,4,4,0,0
1929-05,2519,9,52,14,4,4,0,0
1929-06,3079,9,66,14,4,4,0,0
1929-07,3091,9,66,14,4,4,0,0
1929-08,3095,9,66,14,4,4,0,0
1929-09,3114,9,66,14,4,4,0,0
1929-10,3119,9,66,14,4,4,0,0
1929-11,3121,9,66,14,4,4,0,0
1929-12,3127,9,66,14,4,4,0,0
1930-01,3146,9,66,14,4,4,0,0
1930-02,3276,9,66,14,4,4,0,0
1930-03,3287,9,66,14,4,4,0,0
1930-04,3298,9,66,14,4,4,0,0
1930-05,3316,9,66,14,4,4,0,0
1930-06,3954,9,97,15,6,4,0,0
1930-07,3969,9,97,15,6,4,0,0
1930-08,3973,9,97,15,6,4,0,0
1930-09,3990,9,97,15,6,4,0,0
1930-10,3993,9,97,15,6,4,0,0
1930-11,3996,9,97,15,6,4,0,0
1930-12,4004,9,97,15,6,4,0,0
1931-01,4021,9,97,15,6,4,0,0
1931-02,4149,9,97,15,6,4,0,0
1931-03,4157,9,97,15,6,4,0,0
1931-04,4168,9,97,15,6,4,0,0
1931-05,4173,9,97,15,6,4,0,0
1931-06,4645,9,109,15,6,6,0,0
1931-07,4659,9,109,15,6,6,0,0
1931-08,4664,9,109,15,6,6,0,0
1931-09,4680,9,109,15,6,6,0,0
1931-10,4682,9,109,15,6,6,0,0
1931-11,4688,9,109,15,6,6,0,0
1931-12,4695,9,109,15,6,6,0,0
1932-01,4704,9,109,15,6,6,0,0
1932-02,4753,9,109,15,6,6,0,0
1932-03,4762,9,109,15,6,6,0,0
1932-04,4767,9,109,15,6,6,0,0
1932-05,4772,9,109,15,6,6,0,0
1932-06,5136,9,130,15,6,6,0,0
1932-07,5146,9,130,15,6,6,0,0
1932-08,5147,9,130,15,6,6,0,0
1932-09,5157,9,130,15,6,6,0,0
1932-10,5159,9,130,15,6,6,0,0
1932-11,5160,9,130,15,6,6,0,0
1932-12,5170,9,130,15,6,6,0,0
1933-01,5183,9,130,15,6,6,0,0
1933-02,5222,9,131,15,6,6,0,0
1933-03,5229,9,131,15,6,6,0,0
1933-04,5235,9,131,15,6,6,0,0
1933-05,5239,9,131,15,6,6,0,0
1933-06,5527,9,139,15,6,7,0,0
1933-07,5539,9,139,15,6,7,0,0
1933-08,5542,9,139,15,6,7,0,0
1933-09,5557,9,139,15,6,7,0,0
1933-10,5562,9,139,15,6,7,0,0
1933-11,5569,9,139,15,6,7,0,0
1933-12,5576,9,139,15,6,7,0,0
1934-01,5588,9,139,15,6,7,0,0
1934-02,5638,9,139,15,6,7,0,0
1934-03,5648,9,139,15,6,7,0,0
1934-04,5658,9,139,15,6,7,0,0
1934-05,5662,9,139,15,6,7,0,0
1934-06,6047,9,172,15,7,7,0,0
1934-07,6068,9,172,15,7,7,0,0
1934-08,6075,9,172,15,7,7,0,0
1934-09,6092,9,172,15,7,7,0,0
1934-10,6094,9,172,15,7,7,0,0
1934-11,6098,9,172,15,7,7,0,0
1934-12,6105,9,172,15,7,7,0,0
1935-01,6124,9,172,15,7,7,0,0
1935-02,6165,9,172,15,7,7,0,0
1935-03,6181,9,172,15,7,7,0,0
1935-04,6189,9,172,15,7,7,0,0
1935-05,6199,9,172,15,7,7,0,0
1935-06,6560,9,229,15,7,8,1,0
1935-07,6574,9,229,15,7,8,1,0
1935-08,6581,9,229,15,7,8,1,0
1935-09,6594,9,229,15,7,8,1,0
1935-10,6605,9,229,15,7,8,1,0
1935-11,6611,9,229,15,7,8,1,0
1935-12,6619,9,229,15,7,8,1,0
1936-01,6633,9,229,15,7,8,1,0
1936-02,6693,9,229,15,7,9,1,0
1936-03,6707,9,229,15,7,9,1,0
1936-04,6715,9,229,15,7,9,1,0
1936-05,6728,9,229,15,7,9,1,0
1936-06,7201,9,324,15,8,11,1,0
1936-07,7229,9,324,15,8,11,1,0
1936-08,7238,9,324,15,8,11,1,0
1936-09,7253,9,325,15,8,11,1,0
1936-10,7262,9,325,15,8,11,1,0
1936-11,7270,9,325,15,8,11,1,0
1936-12,7278,9,325,15,8,11,1,0
1937-01,7294,9,325,15,8,11,1,0
1937-02,7368,9,325,15,8,12,1,0
1937-03,7378,9,325,15,8,12,1,0
1937-04,7388,9,325,15,8,12,1,0
1937-05,7401,9,325,15,8,12,1,0
1937-06,7885,9,415,15,9,15,1,0
1937-07,7909,9,415,15,9,15,1,0
1937-08,7915,9,415,15,9,15,1,0
1937-09,7933,9,415,15,9,15,1,0
1937-10,7940,9,415,15,9,15,1,0
1937-11,7952,9,415,15,9,15,1,0
1937-12,7961,9,415,15,9,15,1,0
1938-01,7975,9,415,15,9,15,1,0
1938-02,8041,9,415,15,9,16,1,0
1938-03,8055,9,416,15,9,16,1,0
1938-04,8061,9,416,15,9,16,1,0
1938-05,8072,9,416,15,9,16,1,0
1938-06,8740,9,569,15,9,18,1,0
1938-07,8772,9,569,15,9,18,1,0
1938-08,8779,9,569,15,9,18,1,0
1938-09,8792,9,569,15,9,18,1,0
1938-10,8796,9,569,15,9,18,1,0
1938-11,8798,9,569,15,9,18,1,0
1938-12,8806,9,569,15,9,18,1,0
1939-01,8837,9,569,15,9,18,1,0
1939-02,8915,9,570,15,9,20,1,0
1939-03,8930,9,570,15,9,20,1,0
1939-04,8943,9,570,15,9,20,1,0
1939-05,8954,9,570,15,9,20,1,0
1939-06,9617,9,732,15,10,22,1,0
1939-07,9636,9,732,15,10,22,1,0
1939-08,9644,9,732,15,10,23,1,0
1939-09,9660,9,732,15,10,23,1,0
1939-10,9664,9,732,15,10,23,1,0
1939-11,9671,9,732,15,10,23,1,0
1939-12,9677,9,732,15,10,23,1,0
1940-01,9688,9,732,15,10,23,1,0
1940-02,9749,9,732,15,10,26,1,0
1940-03,9750,9,732,15,10,26,1,0
1940-04,9755,9,732,15,10,26,1,0
1940-05,9760,9,732,15,10,26,1,0
1940-06,10231,9,850,15,10,35,1,0
1940-07,10239,9,850,15,10,35,1,0
1940-08,10242,9,850,15,10,35,1,0
1940-09,10247,9,850,15,10,35,1,0
1940-10,10248,9,850,15,10,35,1,0
1940-12,10254,9,850,15,10,35,1,0
1941-01,10263,9,851,15,10,36,1,0
1941-02,10376,9,851,15,10,42,1,0
1941-03,10381,9,851,15,10,42,1,0
1941-04,10384,9,851,15,10,42,1,0
1941-05,10388,9,851,15,10,42,1,0
1941-06,10825,11,944,15,10,59,1,0
1941-07,10841,11,944,15,10,60,1,0
1941-08,10843,11,944,15,10,60,1,0
1941-09,10860,12,944,15,10,62,1,0
1941-10,10863,12,944,15,10,62,1,0
1941-11,10867,12,944,15,10,62,1,0
1941-12,10877,12,945,15,10,63,1,0
1942-01,10910,12,945,15,10,64,1,0
1942-02,11090,12,947,15,10,67,1,0
1942-03,11106,12,947,15,10,67,1,0
1942-04,11115,12,948,15,10,67,1,0
1942-05,11123,12,948,15,10,67,1,0
1942-06,12363,12,1014,15,10,113,1,1
1942-07,12395,12,1014,15,10,113,1,1
1942-08,12407,12,1014,15,10,114,1,1
1942-09,12461,12,1014,15,10,118,1,1
1942-10,12474,12,1015,15,10,118,1,1
1942-11,12483,12,1015,15,10,119,1,1
1942-12,12502,12,1015,15,10,121,1,1
1943-01,12530,12,1015,15,10,122,1,1
1943-02,12616,12,1015,15,10,123,1,1
1943-03,12630,12,1015,15,10,124,1,1
1943-04,12638,12,1015,15,10,124,1,1
1943-05,12650,12,1015,15,10,124,1,1
1943-06,13963,13,1065,15,12,189,1,1
1943-07,13993,13,1066,15,12,189,1,1
1943-08,14001,13,1066,15,12,189,1,1
1943-09,14039,13,1066,15,12,196,1,1
1943-10,14049,13,1066,15,12,196,1,1
1943-11,14055,13,1066,15,12,196,1,1
1943-12,14065,13,1066,15,12,196,1,1
1944-01,14078,13,1067,15,12,196,1,1
1944-02,14121,13,1068,15,12,198,1,1
1944-03,14133,13,1069,15,12,198,1,1
1944-04,14137,13,1069,15,12,199,1,1
1944-05,14145,13,1069,15,12,199,1,1
1944-06,14884,14,1126,16,12,239,1,1
1944-07,14907,14,1126,16,12,241,1,1
1944-08,14910,14,1126,16,12,241,1,1
1944-09,14937,14,1127,16,12,242,1,1
1944-10,14949,14,1127,16,12,242,1,1
1944-11,14964,14,1127,16,12,245,1,1
1944-12,14989,14,1127,16,12,245,1,1
1945-01,15006,14,1127,16,12,246,1,1
1945-02,15055,14,1128,16,12,247,1,1
1945-03,15061,14,1129,16,12,247,1,1
1945-04,15071,14,1129,16,12,249,1,1
1945-05,15082,14,1129,16,12,249,1,1
1945-06,15521,14,1179,16,12,264,1,1
1945-07,15531,14,1179,16,12,264,1,1
1945-08,15536,14,1179,16,12,264,1,1
1945-09,15542,14,1179,16,12,266,1,1
1945-12,15544,14,1179,16,12,266,1,1
1946-01,15550,14,1179,16,12,266,1,1
1946-02,15624,15,1180,16,12,272,1,1
1946-03,15626,15,1180,16,12,272,1,1
1946-04,15627,15,1180,16,12,272,1,1
1946-06,16135,15,1258,16,13,282,1,1
1946-07,16148,15,1259,16,13,282,1,1
1946-08,16151,15,1259,16,13,282,1,1
1946-09,16171,15,1259,16,13,282,1,1
1946-10,16176,15,1259,16,13,282,1,1
1946-11,16180,15,1259,16,13,282,1,1
1946-12,16187,15,1259,16,13,282,1,1
1947-01,16204,15,1260,16,13,282,1,1
1947-02,16328,15,1262,16,13,284,1,1
1947-03,16332,15,1262,16,13,284,1,1
1947-04,16341,15,1262,16,13,285,1,1
1947-05,16347,15,1262,16,13,285,1,1
1947-06,17159,15,1482,16,14,294,1,1
1947-07,17190,15,1482,16,14,294,1,1
1947-08,17195,15,1482,16,14,294,1,1
1947-09,17217,15,1483,16,14,294,1,1
1947-10,17224,15,1483,16,14,294,1,1
1947-11,17228,15,1483,16,14,294,1,1
1947-12,17236,15,1483,16,14,295,1,1
1948-01,17255,15,1484,16,14,296,1,1
1948-02,17407,15,1484,16,14,301,1,1
1948-03,17417,15,1485,16,14,301,1,1
1948-04,17424,15,1485,16,14,301,1,1
1948-05,17429,15,1485,16,14,301,1,1
1948-06,18694,16,1794,16,15,317,2,2
1948-07,18722,16,1795,16,15,318,2,2
1948-08,18725,16,1795,16,15,318,2,2
1948-09,18748,16,1796,16,15,319,2,2
1948-10,18753,16,1797,16,15,320,2,2
1948-11,18760,16,1797,16,15,320,2,2
1948-12,18772,16,1797,16,15,320,2,2
1949-01,18800,16,1797,16,15,320,2,2
1949-02,18983,16,1799,16,15,328,2,2
1949-03,18990,16,1799,16,15,328,2,2
1949-04,19001,16,1799,16,15,328,2,2
1949-05,19015,16,1799,16,15,328,2,2
1949-06,20168,18,2192,17,15,348,2,2
1949-07,20193,18,2194,17,15,350,2,2
1949-08,20204,18,2194,17,15,351,2,2
1949-09,20238,19,2196,17,15,352,2,2
1949-10,20249,19,2196,17,15,352,2,2
1949-11,20255,19,2196,17,15,352,2,2
1949-12,20266,19,2196,17,15,353,2,2
1950-01,20300,19,2196,17,15,354,2,2
1950-02,20523,20,2200,17,15,370,2,2
1950-03,20536,20,2200,17,15,371,2,2
1950-04,20553,20,2200,17,15,371,2,2
1950-05,20572,20,2200,17,15,371,2,2
1950-06,21949,23,3290,17,16,393,2,2
1950-07,21994,23,3293,17,16,395,2,2
1950-08,22009,23,3294,17,16,395,2,2
1950-09,22051,23,3294,17,16,395,2,2
1950-10,22064,23,3294,17,16,395,2,2
1950-11,22080,23,3294,17,16,395,2,2
1950-12,22087,23,3297,17,16,395,2,2
1951-01,22141,23,3297,17,16,396,2,2
1951-02,22421,23,3299,17,16,413,2,2
1951-03,22452,23,3300,17,16,413,2,2
1951-04,22485,23,3300,17,16,413,2,2
1951-05,22526,23,3300,17,16,413,2,2
1951-06,23907,24,4314,18,17,436,2,2
1951-07,23978,24,4318,18,17,436,2,2
1951-08,24006,24,4318,18,17,437,2,2
1951-09,24056,24,4324,18,17,437,2,2
1951-10,24086,24,4326,18,17,437,2,2
1951-11,24110,24,4327,18,17,437,2,2
1951-12,24139,24,4328,18,17,438,2,2
1952-01,24201,24,4330,18,17,439,2,2
1952-02,24510,24,4337,18,17,457,2,2
1952-03,24562,24,4339,18,17,457,2,2
1952-04,24610,24,4339,18,17,458,2,2
1952-05,24672,24,4340,18,17,458,2,2
1952-06,26211,24,5714,19,21,483,2,2
1952-07,26305,24,5719,19,21,483,2,2
1952-08,26341,24,5745,19,21,483,2,2
1952-09,26438,24,5752,19,21,486,2,2
1952-10,26475,24,5930,19,21,486,2,2
1952-11,26502,24,5932,19,21,486,2,2
1952-12,26549,24,5933,19,21,486,2,2
1953-01,26635,24,5934,19,21,487,2,2
1953-02,27002,24,5937,19,21,501,2,2
1953-03,27084,24,5939,19,21,501,2,2
1953-04,27196,24,5941,19,21,501,2,2
1953-05,27301,24,5946,19,21,501,2,2
1953-06,28938,26,7483,19,22,531,2,2
1953-07,29096,26,7485,19,22,533,2,2
1953-08,29175,26,7487,19,22,534,2,2
1953-09,29276,26,7490,19,22,539,2,2
1953-10,29342,26,7491,19,22,540,2,2
1953-11,29395,26,7493,19,22,540,2,2
1953-12,29438,26,7495,19,22,540,2,2
1954-01,29532,26,7498,19,22,541,2,2
1954-02,29952,26,7502,19,22,569,2,2
1954-03,30083,26,7504,19,22,570,2,2
1954-04,30265,26,7505,19,22,572,2,2
1954-05,30429,26,7505,19,22,572,2,2
1954-06,32251,29,9842,19,24,626,3,3
1954-07,32432,29,9849,19,24,627,3,3
1954-08,32517,29,9852,19,24,627,3,3
1954-09,32643,29,9852,19,24,628,3,3
1954-10,32733,29,9854,19,24,628,3,3
1954-11,32806,29,9854,19,24,628,3,3
1954-12,32912,29,9857,19,24,629,3,3
1955-01,33044,29,9858,19,24,630,3,3
1955-02,33613,29,9866,19,24,681,3,3
1955-03,33847,29,9870,19,24,683,3,3
1955-04,34138,29,9871,19,24,683,3,3
1955-05,34402,29,9873,19,24,684,3,3
1955-06,36866,34,12690,19,26,805,5,3
1955-07,37163,34,12699,19,26,806,5,3
1955-08,37348,34,12702,19,26,806,5,3
1955-09,37536,34,12705,19,26,808,5,3
1955-10,37649,34,12706,19,26,808,5,3
1955-11,37738,34,12708,19,26,809,5,3
1955-12,37836,34,12709,19,26,810,5,3
1956-01,38005,34,12711,19,26,811,5,3
1956-02,38736,34,12719,19,26,871,5,3
1956-03,39009,34,12723,19,26,871,5,3
1956-04,39285,34,12726,19,26,871,5,3
1956-05,39575,34,12728,19,26,872,5,3
1956-06,42315,35,15957,19,29,1027,7,3
1956-07,42564,35,15963,19,29,1032,7,3
1956-08,42734,35,15967,19,29,1034,7,3
1956-09,42878,35,15970,19,29,1037,7,3
1956-10,42988,35,15975,19,29,1038,7,3
1956-11,43099,35,15979,19,29,1041,7,3
1956-12,43179,35,15980,19,29,1043,7,3
1957-01,43332,35,15985,19,29,1043,7,3
1957-02,43957,35,15994,19,29,1098,7,3
1957-03,44193,36,16000,19,29,1099,7,3
1957-04,44432,36,16002,19,29,1101,7,3
1957-05,44670,36,16005,19,29,1104,7,3
1957-06,46831,41,19200,19,29,1247,9,3
1957-07,47064,41,19205,19,29,1255,9,3
1957-08,47203,41,19209,19,29,1256,9,3
1957-09,47348,41,19212,19,29,1263,9,3
1957-10,47443,41,19216,19,29,1265,9,3
1957-11,47537,41,19219,19,29,1267,9,3
1957-12,47622,41,19224,19,29,1268,9,3
1958-01,47775,41,19228,19,29,1270,9,3
1958-02,48461,41,19232,19,29,1324,9,3
1958-03,48572,41,19237,19,29,1328,9,3
1958-04,48699,41,19242,19,29,1329,9,3
1958-05,48856,41,19247,19,29,1332,9,3
1958-06,50798,45,23232,20,31,1433,9,3
1958-07,50982,45,23239,20,31,1437,9,3
1958-08,51079,45,23245,20,31,1437,9,3
1958-09,51223,45,23249,20,31,1438,9,3
1958-10,51319,45,23254,20,31,1441,9,3
1958-11,51401,45,23261,20,31,1444,9,3
1958-12,51494,45,23264,20,31,1444,9,3
1959-01,51639,45,23270,20,31,1449,9,3
1959-02,52445,45,23281,20,31,1528,9,3
1959-03,52606,46,23285,20,31,1531,9,3
1959-04,52771,46,23290,20,31,1536,9,3
1959-05,52977,46,23295,20,31,1542,9,3
1959-06,54982,48,27091,21,32,1635,9,3
1959-07,55218,48,27096,21,32,1638,9,3
1959-08,55324,48,27103,21,32,1640,9,3
1959-09,55491,48,27109,21,32,1645,9,3
1959-10,55614,48,27114,21,32,1649,9,3
1959-11,55718,48,27119,21,32,1654,9,3
1959-12,55813,48,27122,21,32,1659,9,3
1960-01,55983,48,27130,21,32,1664,9,3
1960-02,56754,48,27146,21,32,1731,9,3
1960-03,56933,48,27154,21,32,1735,9,3
1960-04,57134,48,27160,21,32,1740,9,3
1960-05,57330,48,27166,21,32,1743,9,3
1960-06,59572,60,32981,22,35,1853,13,3
1960-07,59776,60,32987,22,35,1861,13,3
1960-08,59883,61,32990,22,35,1865,13,3
1960-09,60037,61,32997,22,35,1869,13,3
1960-10,60128,61,33004,22,35,1874,13,3
1960-11,60193,61,33009,22,35,1877,13,3
1960-12,60285,61,33017,22,35,1879,13,3
1961-01,60458,61,33020,22,35,1886,13,3
1961-02,61052,61,33035,22,35,1926,13,3
1961-03,61331,62,33047,22,35,1932,13,3
1961-04,61545,62,33054,22,35,1936,13,3
1961-05,61784,62,33065,22,35,1941,13,3
1961-06,63655,66,36569,22,37,2007,13,4
1961-07,63913,66,36572,22,37,2011,13,4
1961-08,64063,66,36581,22,37,2014,13,4
1961-09,64234,66,36590,22,37,2018,13,4
1961-10,64379,66,36596,22,37,2024,13,4
1961-11,64496,66,36604,22,37,2029,13,4
1961-12,64591,66,36611,22,37,2034,13,4
1962-01,64797,66,36622,22,37,2048,13,4
1962-02,65531,66,36640,22,37,2144,13,4
1962-03,65757,66,36653,22,37,2153,13,4
1962-04,65999,66,36665,22,37,2160,13,4
1962-05,66235,66,36675,22,37,2171,13,4
1962-06,68274,70,41458,23,39,2257,13,4
1962-07,68508,70,41468,23,39,2269,13,4
1962-08,68672,70,41477,23,39,2273,13,4
1962-09,68864,70,41489,23,39,2284,13,4
1962-10,68995,70,41494,23,39,2288,13,4
1962-11,69142,70,41498,23,39,2299,13,4
1962-12,69231,70,41507,23,39,2306,13,4
1963-01,69417,70,41514,23,39,2316,13,4
1963-02,70094,70,41528,23,39,2403,13,4
1963-03,70347,70,41544,23,39,2415,13,4
1963-04,70646,70,41550,23,39,2435,13,4
1963-05,70930,71,41564,23,39,2447,13,4
1963-06,73018,75,46237,23,41,2557,13,4
1963-07,73320,76,46249,23,41,2572,13,4
1963-08,73486,76,46255,23,41,2583,13,4
1963-09,73661,76,46265,23,41,2600,13,4
1963-10,73851,76,46282,23,41,2617,13,4
1963-11,73979,76,46288,23,41,2629,13,4
1963-12,74097,77,46297,23,41,2634,13,4
1964-01,74310,77,46315,23,41,2653,13,4
1964-02,75305,78,46339,23,41,2812,13,4
1964-03,75608,78,46352,23,41,2830,13,4
1964-04,75949,78,46364,23,41,2853,13,4
1964-05,76273,78,46381,23,41,2874,13,4
1964-06,79219,83,50824,23,42,3059,14,4
1964-07,79583,83,50843,23,42,3088,14,4
1964-08,79768,83,50849,23,42,3103,14,4
1964-09,80011,84,50858,23,42,3118,14,4
1964-10,80206,84,50869,23,42,3137,14,4
1964-11,80390,84,50881,23,42,3148,14,4
1964-12,80542,84,50895,23,42,3175,14,4
1965-01,80820,84,50907,23,42,3202,14,4
1965-02,82562,85,50927,23,42,3510,14,4
1965-03,82965,85,50947,23,43,3545,14,4
1965-04,83348,85,50966,23,43,3570,14,4
1965-05,83725,86,50976,23,43,3602,14,4
1965-06,87318,90,56527,23,45,3878,15,4
1965-07,87741,90,56548,23,45,3919,15,4
1965-08,87983,91,56565,23,45,3941,15,4
1965-09,88314,91,56595,23,45,3970,15,4
1965-10,88586,91,56613,23,45,4004,15,4
1965-11,88862,92,56624,23,45,4041,15,4
1965-12,89290,93,56642,23,45,4098,15,4
1966-01,89570,94,56664,23,45,4130,15,4
1966-02,91437,95,56687,23,45,4510,15,4
1966-03,91829,95,56705,23,45,4564,15,4
1966-04,92198,95,56732,23,45,4608,15,4
1966-05,92616,95,56758,23,45,4664,15,4
1966-06,96259,100,60410,23,45,5036,16,4
1966-07,96719,100,60424,23,45,5093,16,4
1966-08,97011,100,60448,23,45,5126,16,4
1966-09,97404,100,60474,23,45,5178,16,4
1966-10,97660,101,60496,23,45,5205,16,4
1966-11,97940,101,60519,23,45,5248,16,4
1966-12,98183,101,60546,23,45,5300,16,4
1967-01,98572,101,60565,23,45,5365,16,4
1967-02,100520,101,60593,23,45,5773,16,4
1967-03,101085,102,60624,23,45,5850,16,4
1967-04,101580,102,60642,23,45,5921,16,4
1967-05,102082,102,60664,23,45,5994,16,4
1967-06,106104,109,64851,23,47,6421,17,5
1967-07,106583,110,64871,23,47,6475,17,5
1967-08,106906,111,64892,23,47,6511,17,5
1967-09,107295,112,64915,23,47,6576,17,5
1967-10,107644,113,64936,23,47,6641,17,5
1967-11,107968,113,64954,23,47,6691,17,5
1967-12,129525,114,64982,23,47,6745,17,5
1968-01,129955,114,65012,23,47,6795,17,5
1968-02,131830,114,65039,23,47,7168,17,5
1968-03,132473,114,65070,23,47,7262,17,5
1968-04,133121,114,65085,23,47,7346,17,5
1968-05,133756,115,65103,23,47,7414,17,5
1968-06,137642,124,69689,23,47,7805,17,5
1968-07,138271,126,69708,23,47,7881,17,5
1968-08,138692,126,69730,23,47,7919,17,5
1968-09,139140,126,69756,23,47,7978,17,5
1968-10,139627,127,69782,23,47,8041,17,5
1968-11,140040,127,69810,23,47,8100,17,5
1968-12,140420,127,69841,23,47,8163,17,5
1969-01,140977,127,69876,23,47,8239,17,5
1969-02,143009,127,69898,23,47,8658,17,5
1969-03,143700,127,69933,23,47,8730,17,5
1969-04,144507,127,69958,23,47,8819,17,5
1969-05,145257,127,69987,23,47,8920,17,5
1969-06,149737,133,73795,24,49,9324,18,5
1969-07,150472,133,73819,24,49,9409,18,5
1969-08,150976,133,73845,24,49,9472,18,5
1969-09,151491,133,73870,24,49,9533,18,5
1969-10,152052,133,73894,24,49,9607,18,5
1969-11,152470,134,73913,24,49,9672,18,5
1969-12,152795,135,73939,24,49,9722,18,5
1970-01,153374,135,73961,24,49,9801,18,5
1970-02,155394,136,73986,24,49,10250,18,5
1970-03,156128,136,74018,24,49,10364,18,5
1970-04,156985,136,74053,24,49,10484,18,5
1970-05,157804,137,74083,24,49,10584,18,5
1970-06,162544,156,80194,24,51,11067,19,7
1970-07,163400,157,80235,24,51,11182,19,7
1970-08,164007,158,80269,24,51,11253,19,7
1970-09,164703,159,80307,24,51,11350,19,7
1970-10,165372,159,80335,24,51,11446,19,7
1970-11,166068,159,80365,24,51,11562,19,7
1970-12,166706,159,80394,24,51,11665,19,7
1971-01,167454,159,80441,24,51,11775,19,7
1971-02,169592,161,80485,24,51,12232,19,7
1971-03,170523,161,80537,24,51,12367,19,7
1971-04,171615,163,80573,24,51,12510,19,7
1971-05,172625,164,80618,24,51,12671,19,7
1971-06,177623,175,83844,24,52,13144,20,7
1971-07,178565,176,83890,24,52,13287,20,7
1971-08,179308,176,83928,24,52,13390,20,7
1971-09,180129,177,83986,24,52,13524,20,7
1971-10,180856,177,84026,24,52,13667,20,7
1971-11,181518,178,84068,24,52,13789,20,7
1971-12,182047,178,84105,24,52,13885,20,7
1972-01,183014,179,84168,24,52,14041,20,7
1972-02,185524,179,84234,24,52,14621,20,7
1972-03,186909,179,84291,24,52,14812,20,7
1972-04,188003,179,84336,24,52,14963,20,7
1972-05,189200,179,84389,24,52,15111,20,7
1972-06,195270,195,90009,24,52,15752,22,7
1972-07,196467,196,90079,24,52,15919,22,7
1972-08,197425,197,90139,24,52,16049,22,7
1972-09,198321,197,90207,24,52,16178,22,7
1972-10,199352,197,90260,24,52,16334,22,7
1972-11,200455,198,90310,24,52,16488,22,7
1972-12,201261,198,90350,24,52,16612,22,7
1973-01,202552,199,90400,24,52,16791,22,7
1973-02,205165,200,90471,24,52,17442,22,7
1973-03,206707,200,90566,24,52,17634,22,7
1973-04,208119,201,90621,24,52,17813,22,7
1973-05,209582,201,90699,24,52,18004,22,7
1973-06,215405,218,95412,24,54,18583,25,7
1973-07,216724,220,95472,24,54,18784,25,7
1973-08,217772,220,95525,24,54,18935,25,7
1973-09,218723,220,95580,24,54,19081,25,7
1973-10,219830,220,95644,24,54,19234,25,7
1973-11,220619,222,95704,24,54,19365,25,7
1973-12,243769,255,95790,24,54,19453,26,7
1974-01,244670,255,95858,24,54,19585,26,7
1974-02,246762,256,95918,24,54,19962,26,7
1974-03,247945,256,95992,24,54,20095,26,7
1974-04,249300,256,96065,24,54,20234,26,7
1974-05,250598,256,96138,24,54,20381,26,7
1974-06,256068,264,101742,24,54,20814,26,7
1974-07,257161,266,101818,24,54,20928,26,7
1974-08,258035,266,101879,24,54,21019,26,7
1974-09,258795,266,101947,24,54,21112,26,7
1974-10,259497,266,102016,24,54,21196,26,7
1974-11,260174,266,102084,24,54,21283,26,7
1974-12,260648,266,102154,24,54,21340,26,7
1975-01,261709,266,102259,24,54,21439,26,7
1975-02,263468,267,102368,24,54,21736,26,7
1975-03,264536,267,102450,24,54,21851,26,7
1975-04,265811,267,102525,24,54,21960,26,7
1975-05,267025,267,102599,24,54,22063,26,7
1975-06,271700,278,109669,24,54,22387,30,9
1975-07,272797,278,109751,24,54,22507,30,9
1975-08,273614,279,109807,24,54,22584,30,9
1975-09,274556,279,109882,24,54,22680,30,9
1975-10,275311,279,109948,24,54,22763,30,9
1975-11,275921,279,110011,24,54,22851,30,9
1975-12,276346,281,110084,24,54,22918,30,9
1976-01,277361,282,110187,24,54,23017,30,9
1976-02,279404,286,110266,24,54,23435,30,9
1976-03,280579,286,110360,24,54,23524,30,9
1976-04,281919,286,110443,24,54,23627,30,9
1976-05,283137,286,110537,24,54,23739,30,9
1976-06,287880,301,116747,24,55,24333,31,10
1976-07,289093,301,116828,24,56,24476,31,10
1976-08,290022,301,116887,24,56,24558,31,10
1976-09,291043,303,117007,24,56,24687,31,10
1976-10,291765,304,117102,24,56,24765,31,10
1976-11,292374,305,117207,24,56,24863,31,10
1976-12,292829,305,117274,24,56,24928,31,10
1977-01,293921,306,117402,24,56,25041,31,10
1977-02,296236,308,117533,24,56,25472,32,10
1977-03,297824,308,117664,24,56,25581,32,10
1977-04,299475,308,117788,24,56,25698,32,10
1977-05,301075,308,117911,24,56,25824,32,10
1977-06,306646,322,123212,24,56,26415,32,10
1977-07,308094,323,123314,24,56,26546,32,10
1977-08,309431,323,123412,24,56,26684,32,10
1977-09,310670,323,123520,24,56,26820,32,10
1977-10,311650,323,123640,24,56,26903,32,10
1977-11,312438,323,123773,24,56,27002,32,10
1977-12,351635,323,123867,24,56,27068,32,10
1978-01,353104,324,124024,24,56,27202,32,10
1978-02,355475,325,124161,24,56,27550,32,10
1978-03,357452,325,124290,24,56,27694,32,10
1978-04,359291,326,124435,24,56,27834,32,10
1978-05,361207,327,124572,24,56,27979,32,10
1978-06,367248,344,131506,24,56,28417,32,10
1978-07,368839,344,131642,24,56,28579,32,10
1978-08,370231,345,131763,24,56,28708,32,10
1978-09,371474,345,131880,24,56,28847,32,10
1978-10,372509,345,132026,24,56,28961,32,10
1978-11,373309,345,132144,24,56,29073,32,10
1978-12,373814,345,132247,24,56,29155,32,10
1979-01,374988,346,132407,24,56,29314,32,10
1979-02,377412,346,132579,24,56,29608,32,10
1979-03,379536,346,132758,24,56,29762,32,10
1979-04,381595,346,132909,24,56,29928,32,10
1979-05,383559,346,133089,24,56,30084,32,10
1979-06,389393,353,138175,25,56,30458,32,10
1979-07,390962,353,138364,25,56,30625,32,10
1979-08,392244,353,138515,25,56,30744,32,10
1979-09,393259,353,138652,25,56,30838,32,10
1979-10,394255,353,138817,25,56,30925,32,10
1979-11,395062,353,138950,25,56,31000,32,10
1979-12,395584,353,139083,25,56,31072,32,10
1980-01,396995,353,139293,25,56,31248,32,10
1980-02,398944,353,139488,25,56,31444,32,10
1980-03,400528,353,139642,25,56,31551,32,10
1980-04,402132,354,139807,25,56,31665,32,10
1980-05,403632,355,139967,25,56,31777,32,10
1980-06,408842,382,147644,26,58,32087,34,10
1980-07,410113,382,147805,26,58,32217,34,10
1980-08,411252,382,147926,26,58,32298,34,10
1980-09,412217,382,148045,26,58,32392,34,10
1980-10,413074,382,148194,26,58,32487,34,10
1980-11,413685,382,148294,26,58,32564,34,10
1980-12,414107,382,148385,26,58,32614,34,10
1981-01,415242,382,148568,26,58,32722,34,10
1981-02,417150,382,148778,26,58,32873,34,10
1981-03,418598,382,148966,26,58,32971,35,10
1981-04,420313,382,149129,26,58,33078,35,10
1981-05,421838,382,149278,26,58,33173,35,10
1981-06,427060,395,153128,29,58,33365,35,11
1981-07,428463,396,153309,29,58,33455,35,11
1981-08,429438,396,153431,29,58,33510,35,11
1981-09,430410,396,153562,29,58,33567,35,11
1981-10,431262,397,153723,29,58,33643,35,11
1981-11,431838,397,153899,29,58,33705,35,11
1981-12,432203,397,154015,29,58,33740,35,11
1982-01,433309,397,154228,29,58,33814,35,11
1982-02,435453,399,154475,29,58,33953,35,11
1982-03,437514,399,154717,29,58,34021,35,11
1982-04,439630,399,154906,29,58,34103,35,11
1982-05,441313,399,155100,29,58,34189,35,11
1982-06,447405,416,160230,30,58,34360,35,11
1982-07,449429,416,160421,30,58,34455,35,11
1982-08,450378,416,160564,30,58,34516,35,11
1982-09,451433,416,160771,30,58,34579,35,11
1982-10,452454,416,160937,30,58,34643,35,11
1982-11,453298,416,161090,30,58,34711,35,11
1982-12,453812,417,161215,30,58,34756,35,11
1983-01,455298,418,161475,30,58,34830,35,11
1983-02,457566,420,161679,30,58,34959,35,11
1983-03,459684,420,161930,30,58,35063,35,11
1983-04,461567,421,162152,30,58,35130,35,11
1983-05,463265,421,162382,30,58,35199,35,11
1983-06,469871,428,167634,31,58,35398,36,11
1983-07,471549,430,167846,31,58,35482,36,11
1983-08,472876,430,168035,31,58,35540,36,11
1983-09,474194,430,168256,31,58,35600,36,11
1983-10,475557,430,168467,31,58,35666,36,11
1983-11,476573,430,168632,31,58,35722,36,11
1983-12,477138,430,168753,31,58,35765,36,11
1984-01,478981,431,169028,31,58,35856,36,11
1984-02,482062,432,169316,31,58,35994,36,11
1984-03,483894,432,169580,31,58,36074,37,11
1984-04,485665,434,169835,31,58,36136,37,11
1984-05,487459,434,170101,31,58,36204,37,11
1984-06,494298,448,175834,31,61,36435,40,12
1984-07,495670,449,176018,31,61,36504,40,12
1984-08,496971,449,176227,31,61,36555,40,12
1984-09,498086,449,176444,31,61,36610,40,12
1984-10,499246,450,176690,31,61,36675,40,12
1984-11,500117,451,176940,31,61,36728,40,12
1984-12,500619,451,177080,31,61,36770,40,12
1985-01,501936,452,177408,31,61,36845,40,12
1985-02,506337,452,177747,31,61,36995,40,12
1985-03,508272,452,178059,31,61,37058,40,12
1985-04,510163,453,178411,31,61,37129,40,12
1985-05,512057,453,178736,31,61,37208,40,12
1985-06,520554,476,186261,31,64,37434,42,13
1985-07,522358,476,186636,31,64,37531,42,13
1985-08,523613,476,186908,31,64,37584,42,13
1985-09,524800,476,187180,31,64,37647,42,13
1985-10,526143,476,187513,31,64,37711,42,13
1985-11,527117,476,187829,31,64,37775,42,13
1985-12,527701,476,188031,31,64,37808,42,13
1986-01,529553,476,188510,31,64,37891,42,13
1986-02,535703,476,188937,31,64,38050,42,13
1986-03,537935,477,189392,31,64,38135,42,13
1986-04,540390,477,189898,31,64,38208,42,13
1986-05,542613,477,190327,31,64,38305,42,13
1986-06,552486,510,197139,32,65,38519,42,14
1986-07,554635,510,197573,32,65,38606,43,14
1986-08,556233,510,197869,32,65,38671,43,14
1986-09,558052,510,198311,32,65,38747,43,14
1986-10,559738,510,198722,32,65,38829,43,14
1986-11,560975,510,199056,32,65,38900,43,14
1986-12,561939,511,199313,32,65,38962,44,14
1987-01,563637,511,199634,32,65,39023,44,14
1987-02,568206,511,199866,32,65,39123,44,14
1987-03,570191,511,200137,32,65,39158,44,14
1987-04,572638,511,200467,32,65,39200,44,14
1987-05,574441,511,200719,32,65,39241,44,14
1987-06,581901,533,205996,32,65,39406,45,15
1987-07,583809,533,206255,32,65,39459,45,15
1987-08,584971,533,206425,32,65,39482,46,15
1987-09,586325,533,206639,32,65,39513,46,15
1987-10,587717,534,206839,32,65,39552,46,15
1987-11,588583,534,207047,32,65,39582,46,15
1987-12,610423,537,207260,32,65,39609,46,15
1988-01,612039,537,207579,32,65,39674,46,15
1988-02,615485,537,207777,32,65,39809,46,15
1988-03,617453,538,208169,32,65,39858,46,15
1988-04,619430,540,208438,32,65,39900,46,15
1988-05,621205,541,208702,32,65,39933,46,15
1988-06,626984,583,213954,33,65,40138,47,16
1988-07,628423,583,214203,33,65,40182,47,16
1988-08,629516,583,214333,33,65,40211,47,16
1988-09,630541,583,214525,33,65,40258,47,16
1988-10,631384,584,214698,33,65,40297,47,16
1988-11,632148,584,214859,33,65,40320,47,16
1988-12,632581,584,214959,33,65,40341,47,16
1989-01,634296,585,215275,33,65,40403,47,16
1989-02,637158,585,215510,33,65,40552,47,16
1989-03,639227,586,215916,33,65,40595,47,16
1989-04,641209,586,216241,33,65,40641,47,16
1989-05,642998,587,216542,33,65,40682,47,16
1989-06,648168,645,222177,34,65,40900,48,16
1989-07,649828,645,222463,34,65,40944,48,16
1989-08,651103,645,222666,34,65,40972,48,16
1989-09,652217,645,222845,34,65,41014,48,16
1989-10,653475,645,223072,34,65,41056,48,16
1989-11,654321,645,223222,34,65,41075,48,16
1989-12,654761,645,223336,34,65,41084,48,16
1990-01,656761,645,223670,34,65,41160,48,16
1990-02,659836,645,223948,34,65,41341,48,16
1990-03,662605,645,224383,34,65,41382,48,16
1990-04,665265,647,224798,34,65,41434,48,16
1990-05,667836,649,225219,34,65,41477,48,16
1990-06,673216,720,232593,34,65,41772,48,17
1990-07,675264,720,232926,34,65,41813,48,17
1990-08,677091,720,233166,34,65,41849,48,17
1990-09,678379,720,233392,34,65,41889,48,17
1990-10,679737,720,233662,34,65,41923,48,17
1990-11,680779,721,233891,34,65,41952,48,17
1990-12,681284,721,234029,34,65,41969,48,17
1991-01,683946,723,234460,34,65,42040,48,17
1991-02,686951,725,234801,34,65,42152,48,17
1991-03,690942,726,235474,34,65,42214,48,17
1991-04,694242,727,235934,34,65,42247,48,17
1991-05,697435,727,236530,34,65,42291,48,17
1991-06,702316,802,241437,34,65,42505,49,21
1991-07,705090,803,241907,34,65,42568,49,21
1991-08,706865,803,242152,34,65,42594,49,21
1991-09,708458,803,242408,34,65,42629,49,21
1991-10,710039,805,242701,34,65,42674,49,21
1991-11,711143,806,242923,34,65,42705,49,21
1991-12,711652,806,243096,34,65,42725,49,21
1992-01,714850,806,243548,34,65,42817,49,21
1992-02,718821,806,243949,34,65,43015,49,21
1992-03,722595,808,244593,34,65,43048,49,21
1992-04,726335,808,245403,34,65,43103,49,21
1992-05,729777,808,245955,34,65,43156,49,21
1992-06,734427,897,252261,36,65,43366,50,21
1992-07,737377,899,252732,36,65,43421,50,21
1992-08,739205,899,252995,36,65,43451,50,21
1992-09,740870,904,253273,36,65,43487,50,21
1992-10,742477,904,253543,36,65,43525,50,21
1992-11,743793,904,253796,36,65,43578,50,21
1992-12,745219,904,254141,36,65,43644,50,21
1993-01,747513,904,254444,36,65,43708,50,21
1993-02,751210,906,254724,36,65,43883,50,21
1993-03,755646,906,255268,36,65,43942,50,21
1993-04,759853,907,255822,36,65,43999,50,21
1993-05,763150,908,256351,36,65,44044,50,21
1993-06,767812,971,260249,36,65,44235,52,23
1993-07,770696,972,260614,36,65,44308,52,23
1993-08,772709,974,260844,36,65,44345,52,23
1993-09,774501,974,261084,36,66,44385,52,23
1993-10,776062,976,261352,36,66,44428,52,23
1993-11,777199,976,261581,36,66,44469,52,23
1993-12,778174,977,261812,36,66,44502,52,23
1994-01,780973,977,262134,36,66,44566,52,23
1994-02,784441,978,262404,36,66,44748,52,23
1994-03,788870,978,263030,36,66,44806,52,23
1994-04,792375,978,263400,36,66,44842,52,23
1994-05,795554,978,263866,36,66,44887,52,23
1994-06,799998,1038,268239,37,69,45076,53,23
1994-07,802989,1038,268621,37,69,45131,53,23
1994-08,805123,1038,268868,37,69,45164,53,23
1994-09,806990,1038,269145,37,69,45214,53,23
1994-10,808710,1038,269410,37,69,45245,54,23
1994-11,810086,1040,269649,37,69,45291,55,23
1994-12,810825,1040,269855,37,69,45315,55,23
1995-01,814132,1040,270288,37,69,45415,55,23
1995-02,817646,1040,270687,37,69,45584,55,23
1995-03,822355,1041,271239,37,69,45682,55,23
1995-04,826319,1041,271844,37,70,45755,55,23
1995-05,830350,1041,272454,37,70,45825,55,23
1995-06,835622,1172,278532,39,71,46112,58,26
1995-07,838892,1172,278961,39,71,46228,58,26
1995-08,841675,1172,279278,39,72,46296,58,26
1995-09,843819,1172,279648,39,72,46388,58,26
1995-10,846005,1172,279963,39,72,46451,58,26
1995-11,847682,1172,280215,39,72,46528,59,26
1995-12,848420,1172,280404,39,72,46559,59,26
1996-01,852100,1174,280912,39,72,46700,59,26
1996-02,855485,1175,281333,39,72,46828,59,26
1996-03,861234,1177,282125,39,72,46928,59,26
1996-04,867031,1177,282784,39,72,47027,59,26
1996-05,872196,1177,283465,39,72,47135,59,27
1996-06,878477,1305,289244,40,73,47428,61,28
1996-07,882493,1306,289763,40,73,47569,62,28
1996-08,885780,1307,290157,40,73,47633,62,28
1996-09,888702,1307,290622,40,73,47739,62,28
1996-10,891490,1307,291064,40,73,47843,62,28
1996-11,893732,1307,291436,40,73,47927,62,28
1996-12,894757,1308,291652,40,73,47962,62,28
1997-01,899845,1308,292375,40,73,48167,62,28
1997-02,904868,1310,292923,40,73,48359,62,28
1997-03,911733,1310,293760,40,73,48502,62,28
1997-04,918535,1310,294606,40,73,48653,62,28
1997-05,924425,1311,295343,40,73,48764,62,28
1997-06,931687,1495,300746,40,73,49119,64,30
1997-07,936985,1495,301476,40,73,49340,65,30
1997-08,940956,1495,301919,40,73,49450,65,30
1997-09,944643,1497,302438,40,73,49619,65,30
1997-10,948249,1498,302950,40,73,49776,65,30
1997-11,950963,1498,303391,40,73,49909,65,30
1997-12,952860,1498,303733,40,73,49996,65,30
1998-01,959856,1499,304593,40,73,50306,65,30
1998-02,965738,1500,305263,40,73,50505,65,30
1998-03,973527,1503,306362,40,73,50696,65,30
1998-04,981478,1503,307441,40,73,50871,65,30
1998-05,989122,1505,308420,40,73,51066,65,30
1998-06,998192,1707,315572,40,73,51452,66,33
1998-07,1005029,1708,316626,40,73,51657,66,33
1998-08,1009604,1708,317279,40,73,51748,66,33
1998-09,1014683,1709,318087,40,73,51905,66,33
1998-10,1019913,1710,318916,40,73,52035,66,33
1998-11,1023956,1712,319592,40,73,52146,66,33
1998-12,1026173,1714,319942,40,73,52211,66,33
1999-01,1037110,1715,321334,40,73,52470,68,33
1999-02,1044867,1718,322279,40,73,52649,69,33
1999-03,1056537,1720,323703,40,74,52832,69,33
1999-04,1067865,1722,324991,40,74,53024,69,33
1999-05,1078047,1723,326179,40,74,53160,69,33
1999-06,1090642,1967,333659,40,75,53554,73,34
1999-07,1100664,1968,334944,40,75,53763,73,34
1999-08,1107750,1969,335786,40,75,53888,74,34
1999-09,1115784,1971,336764,40,75,54045,74,34
1999-10,1122721,1972,337652,40,75,54202,75,34
1999-11,1128510,1972,338513,40,75,54311,75,34
1999-12,1130929,1972,338984,40,75,54358,75,34
2000-01,1145400,1973,340749,40,75,54624,76,34
2000-02,1156776,1979,342036,40,75,54824,76,34
2000-03,1172657,1980,343763,40,75,55067,76,34
2000-04,1185412,1981,345601,40,75,55246,77,34
2000-05,1199501,1982,347286,40,75,55448,77,34
2000-06,1213102,2349,355714,40,75,55844,78,35
2000-07,1223618,2351,356944,40,75,56091,78,35
2000-08,1233975,2357,358113,40,75,56253,78,35
2000-09,1243969,2361,359227,40,75,56470,78,35
2000-10,1253496,2363,360317,40,75,56659,79,35
2000-11,1262235,2364,361251,40,75,56826,80,35
2000-12,1267091,2367,361943,40,75,56906,81,35
2001-01,1284044,2398,363958,40,75,57272,81,35
2001-02,1295872,2404,365215,40,75,57504,82,35
2001-03,1312901,2416,367053,40,75,57783,82,35
2001-04,1326609,2423,368787,40,75,58031,83,35
2001-05,1341718,2436,370638,40,75,58264,83,35
2001-06,1357741,2763,379168,41,76,58743,85,38
2001-07,1371143,2771,380737,41,76,59064,88,38
2001-08,1383016,2775,382129,41,76,59255,91,38
2001-09,1394246,2777,383543,41,76,59446,92,38
2001-10,1406272,2780,385006,41,76,59711,94,38
2001-11,1416795,2781,386321,41,76,59910,94,38
2001-12,1420478,2782,387003,41,76,59990,94,38
2002-01,1441548,2786,389679,41,76,60369,95,38
2002-02,1456858,2790,391356,41,76,60687,95,38
2002-03,1475587,2794,393789,41,76,61000,97,39
2002-04,1492556,2799,395959,41,76,61274,98,39
2002-05,1510168,2806,398240,41,76,61527,101,39
2002-06,1530193,3122,406476,42,77,61994,103,40
2002-07,1546530,3126,408502,42,77,62319,106,40
2002-08,1560860,3131,410192,42,77,62536,108,40
2002-09,1576098,3132,411879,42,77,62765,110,40
2002-10,1592183,3134,413850,43,77,63013,112,40
2002-11,1606405,3136,415404,43,77,63213,113,40
2002-12,1616488,3142,416144,43,77,63310,115,40
2003-01,1642591,3144,419714,43,77,63740,115,40
2003-02,1659881,3155,422023,43,78,64062,117,40
2003-03,1682346,3157,424654,43,78,64381,117,40
2003-04,1702915,3160,427476,43,78,64652,117,40
2003-05,1725447,3164,430189,43,78,64974,118,40
2003-06,1751039,3466,439188,45,79,65434,119,45
2003-07,1772334,3469,441655,45,79,65859,120,45
2003-08,1790529,3472,443549,45,79,66086,121,45
2003-09,1810440,3476,445817,45,79,66394,122,45
2003-10,1828277,3480,448165,45,79,66692,123,45
2003-11,1843208,3486,450027,45,79,66906,124,45
2003-12,1850571,3496,450855,45,79,67019,127,45
2004-01,1884481,3544,455352,45,79,67560,128,45
2004-02,1906383,3598,458301,45,79,67942,128,45
2004-03,1935371,3640,461967,45,80,68299,128,45
2004-04,1961538,3699,465551,45,81,68655,130,45
2004-05,1984548,3741,468868,45,81,68972,131,45
2004-06,2014645,4115,479235,45,82,69580,133,47
2004-07,2037633,4155,482838,45,82,70000,134,47
2004-08,2055947,4247,485439,45,83,70231,137,47
2004-09,2078332,4354,488486,45,83,70580,137,47
2004-10,2098646,4450,491779,45,83,70937,140,47
2004-11,2116782,4521,494832,45,83,71229,143,47
2004-12,2126983,4539,496296,45,83,71357,147,47
2005-01,2164282,4794,502013,45,83,72031,150,47
2005-02,2185620,4871,505172,45,84,72439,154,47
2005-03,2215707,4983,509431,45,84,72903,158,47
2005-04,2243475,5110,513400,45,84,73316,160,47
2005-05,2268276,5253,516996,45,84,73669,166,47
2005-06,2299858,5908,530795,45,85,74380,176,48
2005-07,2324815,6082,532989,45,85,74810,179,48
2005-08,2558175,6896,538439,45,85,75111,181,48
2005-09,2587409,7059,541151,45,85,75514,187,48
2005-10,2610573,7250,543812,45,85,75849,197,48
2005-11,2632632,7354,546556,45,87,76183,206,48
2005-12,2642409,7397,547774,45,91,76340,215,48
2006-01,2686161,7735,554150,45,94,77013,225,48
2006-02,2715182,7980,558340,45,94,77467,233,48
2006-03,2755439,8129,563647,45,97,78033,240,48
2006-04,2785822,8337,568535,45,97,78459,253,48
2006-05,2819718,8592,573321,45,100,78945,264,48
2006-06,2858981,9473,586286,45,107,79656,274,50
2006-07,2888996,9561,590317,45,110,80168,278,50
2006-08,2915941,9663,594165,45,114,80583,282,50
2006-09,2947083,9758,598343,45,116,81029,291,50
2006-10,2974915,9858,602391,45,117,81421,301,50
2006-11,3000982,9941,606257,45,123,81782,311,50
2006-12,3015913,9977,608415,45,123,81969,316,51
2007-01,3062539,10233,616112,45,125,82758,323,52
2007-02,3093748,10379,621543,45,129,83185,330,52
2007-03,3137133,10610,628061,45,135,83713,343,52
2007-04,3170864,10861,633810,45,144,84102,357,52
2007-05,3206659,11131,639908,45,158,84527,364,52
2007-06,3250837,12042,656038,46,180,85358,371,57
2007-07,3283633,12344,661856,46,188,85912,381,57
2007-08,3317408,12634,667451,47,194,86329,391,57
2007-09,3350491,12858,672782,47,204,86764,420,57
2007-10,3381901,13074,678816,47,219,87229,431,58
2007-11,3409908,13275,684117,47,229,87628,445,58
2007-12,3422342,13366,686194,47,245,87819,448,58
2008-01,3470448,13682,697096,47,291,88854,466,59
2008-02,3511892,14256,705001,47,338,89483,479,59
2008-03,3553515,14818,713068,48,389,90097,509,59
2008-04,3592612,15289,720670,48,432,90596,535,59
2008-05,3635786,15783,727752,48,466,91107,548,59
2008-06,3682410,17103,746638,48,500,92055,580,61
2008-07,3720878,17629,752993,48,533,92578,593,61
2008-08,3757515,18149,758557,48,553,93028,610,61
2008-09,3794818,18627,764785,48,614,93546,629,61
2008-10,3829749,18957,771464,48,665,94035,648,61
2008-11,3855756,19192,776565,48,704,94438,664,61
2008-12,3868497,19261,778730,48,734,94580,694,61
2009-01,3913947,19963,788486,48,764,95195,752,61
2009-02,3948294,20524,794388,48,809,95535,777,61
2009-03,3988899,21111,800619,48,860,95866,828,61
2009-04,4026501,21702,806363,48,967,96172,852,61
2009-05,4064125,22420,811759,49,1098,96444,877,61
2009-06,4108162,23511,824876,52,1248,96906,915,61
2009-07,4148607,24464,830093,52,1746,97220,950,61
2009-08,4183093,25753,833942,52,1852,97461,998,61
2009-09,4223115,26960,839000,52,1966,97733,1124,61
2009-10,4261682,27931,844049,52,2014,97991,1139,61
2009-11,4292622,28496,848382,52,2053,98223,1161,61
2009-12,4307272,28735,850325,53,2087,98333,1243,61
2010-01,4363188,30145,858769,53,2124,98819,1300,61
2010-02,4402250,30984,864611,53,2169,99124,1330,61
2010-03,4454791,32076,871972,53,2210,99419,1367,61
2010-04,4499409,33258,878596,53,2262,99663,1395,61
2010-05,4542558,34323,884894,53,2295,99921,1430,61
2010-06,4601155,35971,900532,54,2336,100360,1464,65
2010-07,4646833,37079,907704,54,2365,100627,1496,66
2010-08,4685621,38367,914479,54,2389,101005,1527,66
2010-09,4730754,39795,923176,54,2437,101743,1561,66
2010-10,4770578,40920,932915,54,2496,102494,1582,66
2010-11,4803883,41733,942255,54,2544,102972,1636,66
2010-12,4818971,41995,946164,54,2611,103135,1679,66
2011-01,4880167,43599,962633,54,2640,104046,1727,66
2011-02,4926511,45101,973815,54,2680,104355,1758,66
2011-03,4982427,47004,988141,54,2759,104826,1800,67
2011-04,5030416,48724,1000714,54,2860,105281,1841,67
2011-05,5081387,49983,1014265,54,2946,105756,1873,67
2011-06,5134217,51593,1035137,54,3053,106432,1910,68
2011-07,5175781,52663,1045705,55,3152,106974,1988,68
2011-08,5212963,53949,1055168,55,3212,107518,2030,68
2011-09,5255669,55255,1065630,55,3296,108410,2094,68
2011-10,5294301,56162,1076959,55,3353,109196,2151,68
2011-11,5330998,57222,1087651,55,3478,110284,2223,68
2011-12,5353345,57895,1092629,55,3512,111314,2257,68
2012-01,5409253,59829,1110567,55,3693,112504,2351,68
2012-02,5451075,60980,1122132,55,3752,113267,2403,68
2012-03,5508278,62797,1135647,55,3798,114286,2535,70
2012-04,5551691,64143,1146649,56,3835,114838,2587,71
2012-05,5599035,65869,1159534,56,3872,115637,2668,71
2012-06,5666818,68719,1185164,58,3902,118724,2716,72
2012-07,5701102,70853,1195053,58,3918,119106,2754,72
2012-08,5738127,73511,1203659,58,3946,119444,2851,73
2012-09,5772127,75912,1212367,58,3957,119744,2889,73
2012-10,5798526,77634,1222066,58,3970,120052,2928,74
2012-11,5825871,79170,1231583,58,3981,120379,3011,76
2012-12,5843521,80129,1238048,58,4007,120692,3275,80
2013-01,5889494,82432,1250777,58,4014,121238,3358,80
2013-02,5925401,84176,1259865,58,4022,121789,3443,87
2013-03,5966233,86418,1271647,58,4037,122088,3530,87
2013-04,6002461,88279,1282719,58,4042,122224,3599,87
2013-05,6038716,90134,1292977,58,4045,122344,3675,87
2013-06,6080498,92685,1312076,59,4052,122682,3770,89
2013-07,6115378,94827,1322589,59,4057,122834,3842,90
2013-08,6147539,97069,1331376,59,4060,122957,3874,92
2013-09,6180456,99478,1341593,59,4064,123154,3936,92
2013-10,6214431,102866,1353626,60,4069,123358,4001,92
2013-11,6249554,107896,1365613,63,4072,123676,4079,92
2013-12,6277247,116143,1378447,63,4077,123881,4138,92
2014-01,6322179,118250,1391455,64,4079,124131,4259,92
2014-02,6359605,120601,1401795,64,4084,124325,4331,92
2014-03,6397194,123313,1413700,64,4088,124625,4499,92
2014-04,6433383,126361,1424985,64,4091,124870,4730,92
2014-05,6470886,129451,1436857,64,4094,125068,4963,96
2014-06,6510722,132781,1457709,65,4107,125438,5182,98
2014-07,6544838,134867,1469043,66,4112,125688,5459,98
2014-08,6573677,136847,1478382,66,4113,125845,5642,98
2014-09,6606458,139050,1489380,68,4114,126033,5874,99
2014-10,6641316,141555,1501974,68,4115,126203,6148,99
2014-11,6672258,144162,1513528,68,4119,126348,6350,99
2014-12,6699131,147436,1525765,68,4123,126431,7010,99
2015-01,6748011,151478,1540805,68,4127,126659,7129,100
2015-02,6787643,154462,1551499,68,4130,126822,7179,100
2015-03,6825066,157142,1565358,71,4133,126947,7248,101
2015-04,6860222,159819,1577293,71,4137,127052,7285,101
2015-05,6894625,162692,1588790,74,4140,127172,7340,101
2015-06,6938109,167593,1612479,79,4142,127436,7421,103
2015-07,6977370,171533,1624921,79,4148,127593,7481,103
2015-08,7009890,174537,1635791,79,4150,127692,7540,103
2015-09,7047298,178473,1648054,80,4153,127800,7594,105
2015-10,7084582,184059,1661091,81,4153,127908,7686,105
2015-11,7119031,190374,1674960,83,4155,128046,7740,107
2015-12,7159263,207636,1693640,97,4159,128153,7815,108
2016-01,7206162,209859,1707832,102,4162,128347,7854,112
2016-02,7243535,212298,1720353,106,4163,128475,7885,113
2016-03,7283664,215074,1736087,112,4168,128638,7941,114
2016-04,7322481,217697,1749483,113,4173,128826,7987,116
2016-05,7362179,220202,1761980,115,4173,128985,8017,118
2016-06,7411885,223653,1786954,119,4176,129300,8076,122
2016-07,7450138,226215,1798269,120,4178,129527,8120,122
2016-08,7483517,228911,1808457,122,4180,129639,8240,122
2016-09,7523628,232512,1820830,124,4181,129805,8339,122
2016-10,7557283,235806,1832556,129,4184,130019,8441,125
2016-11,7591277,240052,1844862,136,4184,130194,8629,126
2016-12,7624218,251285,1855136,141,4186,130354,8800,138
2017-01,7679157,255335,1872059,144,4187,130658,8965,144
2017-02,7719189,258366,1884177,145,4192,130849,9069,147
2017-03,7768417,262021,1900691,148,4192,131032,9216,147
2017-04,7808917,265120,1912633,148,4192,131241,9346,150
2017-05,7856556,269186,1926666,152,4192,131490,9472,161
2017-06,7910104,274601,1952564,161,4193,131915,9673,165
2017-07,7951265,278260,1964272,166,4194,132118,9893,173
2017-08,7987378,281747,1974986,166,4194,132266,10272,174
2017-09,8029571,285998,1987121,167,4195,132417,10348,176
2017-10,8070091,289894,1999620,168,4195,132719,10448,182
2017-11,8113599,294181,2011939,173,4196,132969,10560,205
2017-12,8149315,299224,2018686,175,4198,133139,10588,217
2018-01,8210032,305057,2037366,176,4199,133489,10700,220
2018-02,8252148,309469,2050362,177,4200,133689,10916,228
2018-03,8304598,316045,2065863,179,4202,133942,11093,240
2018-04,8350742,321260,2078834,179,4203,134147,11269,241
2018-05,8401090,327114,2092330,179,4205,134328,11516,257
2018-06,8462084,335387,2118069,182,4209,134656,11670,272
2018-07,8509175,340624,2129569,187,4210,134918,11956,283
2018-08,8559307,346476,2140999,190,4212,135168,12156,296
2018-09,8592734,352859,2151262,196,4212,135305,12202,303
2018-10,8626990,358081,2163609,201,4212,135442,12263,330
2018-11,8663721,365218,2175960,202,4213,135633,12315,341
2018-12,8683585,374019,2182197,205,4213,135752,12374,348
2019-01,8735981,381707,2198860,207,4214,136022,12450,380
2019-02,8774047,388082,2210123,212,4214,136176,12497,399
2019-03,8824037,398947,2223418,219,4215,136363,12541,421
2019-04,8868149,406910,2235330,228,4216,136574,12579,434
2019-05,8917046,416036,2248016,268,4218,136787,12629,446
2019-06,8967842,428223,2272603,285,4220,137115,12686,471
2019-07,9010947,436317,2282578,297,4223,137298,12761,474
2019-08,9050177,444437,2292502,310,4224,137476,12959,481
2019-09,9088037,457831,2301005,324,4224,137571,13018,492
2019-10,9126929,465974,2310212,332,4226,137662,13132,495
2019-11,9165829,478562,2319708,338,4226,137763,13287,500
2019-12,9190529,505999,2326704,376,4241,137849,13368,511
2020-01,9242200,517923,2339128,389,4242,137992,13424,531
2020-02,9280057,529044,2348236,396,4242,138160,13454,542
2020-03,9313959,540972,2357487,408,4242,138341,13484,573
2020-04,9335430,547437,2362979,413,4242,138488,13532,603
2020-05,9360589,554884,2368463,417,4242,138647,13562,622
2020-06,9398389,568120,2385403,444,4242,138966,13589,633
2020-07,9443996,583874,2393539,450,4242,139276,13619,639
2020-08,9478617,598576,2400623,459,4242,139692,13634,652
2020-09,9513244,617311,2408107,477,4242,140058,13678,675
2020-10,9547750,637460,2415880,487,4242,140427,13758,695
2020-11,9581182,658760,2423271,503,4242,140752,13791,720
2020-12,9606464,700718,2427635,554,4242,141042,13832,738
2021-01,9647871,718328,2437815,554,4242,141299,13860,783
2021-02,9677455,732068,2446463,556,4242,141542,13872,825
2021-03,9713908,750240,2456948,600,4242,141770,13888,872
2021-04,9747269,767633,2466396,609,4242,142046,13914,926
2021-05,9781716,786454,2475218,613,4242,142277,13933,971
2021-06,9823407,811360,2484242,624,4242,142655,13962,1015
2021-07,9856147,830476,2491119,639,4243,143032,13986,1033
2021-08,9881034,848310,2496702,644,4243,143267,14003,1052
2021-09,9907717,867906,2503298,653,4243,143538,14031,1066
2021-10,9931992,886144,2510316,666,4243,143883,14049,1078
2021-11,9956677,907534,2517695,677,4244,144181,14066,1110
2021-12,9977787,940617,2524270,730,4245,144504,14091,1127
2022-01,10011402,960982,2532155,746,4245,144914,14108,1162
2022-02,10036704,978135,2538568,751,4246,145105,14116,1183
2022-03,10063783,999643,2546449,756,4246,145308,14123,1195
2022-04,10087916,1018701,2552975,763,4246,145478,14123,1216
2022-05,10112743,1037360,2559759,771,4246,145675,14123,1230
2022-06,10142041,1059372,2567666,824,4246,146103,14130,1249
2022-07,10164481,1076665,2573383,826,4249,146305,14135,1262
2022-08,10186905,1094344,2578608,833,4249,146481,14141,1264
2022-09,10210629,1113512,2584904,835,4249,146704,14178,1267
2022-10,10236280,1134357,2590847,837,4250,146944,14241,1272
2022-11,10259556,1154458,2597855,842,4250,147341,14243,1274
2022-12,10279374,1178377,2603780,845,4250,147619,14247,1280
2023-01,10310277,1197400,2612075,850,4250,147919,14250,1285
2023-02,10333985,1217464,2619541,852,4250,148146,14252,1285
2023-03,10348137,1231970,2624217,854,4250,148263,14259,1286
